Sentence,Class
I had a delicious sushi for lunch today,Food
Went for a morning run and did some weight lifting, Sport
Watched an amazing sci-fi movie last night, Movie
Had a slice of cake for dessert,Food
Played basketball with some friends in the park, Sport
Binged watched my favorite TV show over the weekend,Movie
Tried a new restaurant and had an incredible meal,Food
Went for a swim at the local pool, Sport
Saw the latest action movie at the cinema,Movie
Enjoyed a hearty breakfast before work,Food
Went for a hike in the mountains, Sport
Watched a classic romance movie with my partner,Movie
Had a quick snack before my workout,Food
Went for a bike ride in the countryside, Sport
Watched a horror movie alone at home,Movie
Tried a new recipe for dinner and it turned out great,Food
Played tennis with a friend in the afternoon, Sport
Went to see a comedy movie with my family,Movie
Grabbed a sandwich for lunch on the go,Food
Went for a jog around the neighborhood, Sport
Watched a documentary about nature,Movie
Had a dinner party with some friends and cooked a feast,Food
Went for a yoga class at the gym, Sport
Watched a musical with my significant other,Movie
Indulged in some ice cream for dessert,Food
Went for a swim at the beach, Sport
Watched a thriller movie that kept me on the edge of my seat,Movie
Had a bowl of soup to warm up on a chilly day,Food
Played soccer with a group of colleagues after work, Sport
Went to see an animated movie with my nieces and nephews,Movie
Enjoyed a cup of tea with a book in the afternoon,Food
Went for a workout at the park, Sport
Watched a comedy with some friends and had a good laugh,Movie
Had a smoothie as a post-workout snack,Food
Went for a game of badminton with a friend, Sport
Watched a drama movie that brought tears to my eyes,Movie
Tried a new cuisine at a restaurant and loved it,Food
Went for a swim in the pool, Sport
Watched a science fiction movie that blew my mind,Movie
Had a salad for lunch to eat healthily,Food
Went for a run with a group of runners, Sport
Watched a biographical movie about a famous person,Movie
Indulged in some chocolate for dessert,Food
Went for a bike ride on a sunny day, Sport
Watched a historical movie that taught me something new,Movie
Had a fruit smoothie for breakfast,Food
Went for a workout at the gym, Sport
Watched a mystery movie that kept me guessing till the end,Movie
Cooked a homemade pizza for dinner and it was delicious,Food
Went for a game of tennis with my partner, Sport
Watched a romantic comedy with my best friend,Movie
Had a bowl of cereal for breakfast,Food
Went for a swim at the community pool, Sport
Watched an adventure movie with my family,Movie
Tried a new type of sushi and it was amazing,Food
Went for a weight training session at the gym, Sport
Watched a classic movie from the 70s,Movie
Had a burrito for lunch,Food
Went for a game of football with some friends, Sport
Binge-watched a crime thriller TV series,Movie
Tried a new vegetarian restaurant and was pleasantly surprised,Food
Went for a swim at the hotel pool while on vacation, Sport
Saw a romantic movie with my significant other,Movie
Enjoyed a bowl of pasta for dinner,Food
Went for a round of golf with my colleagues, Sport
Watched a foreign language movie with subtitles,Movie
Had a piece of fruit as a snack,Food
Went for a basketball game at the park, Sport
Watched an old black and white movie,Movie
Tried a new flavor of ice cream and it was delicious,Food
Went for a hike in the woods, Sport
Watched an indie movie with a unique plot,Movie
Had a sandwich for lunch,Food
Went for a workout at the gym with a personal trainer, Sport
Saw a science fiction movie with lots of special effects,Movie
Indulged in some pizza for dinner,Food
Went for a game of volleyball on the beach, Sport
Watched a romantic comedy with my best friend,Movie
Had a cup of coffee to start my day,Food
Went for a morning jog, Sport
Watched a movie based on a true story,Movie
Tried a new cuisine and didn't like it,Food
Went for a weightlifting session at home, Sport
Watched a documentary about animals,Movie
Had a slice of pie for dessert,Food
Went for a game of frisbee in the park, Sport
Saw a horror movie with some friends,Movie
Enjoyed a bowl of soup on a rainy day,Food
Went for a swim at the lake, Sport
Watched a comedy that made me laugh out loud,Movie
Had a salad for lunch to stay healthy,Food
Went for a game of cricket with some colleagues, Sport
Saw a drama movie that had a powerful message,Movie
Indulged in some candy for a sweet treat,Food
Went for a workout at the gym with a friend, Sport
Watched a movie with an unexpected plot twist,Movie
Had a burger and fries for lunch,Food
Went for a swim at the ocean, Sport
Watched a biopic about a musician,Movie
Had a smoothie as a midday snack,Food
Went for a game of table tennis with a family member, Sport
Saw an animated movie with my kids,Movie
Enjoyed a bowl of cereal for breakfast,Food
Went for a workout at home with some dumbbells, Sport
Watched a mystery movie with a twist ending,Movie
Tried a new Indian restaurant and loved the flavors,Food
Went for a game of soccer with some friends, Sport
Watched a classic musical movie,Movie
Had a sushi platter for dinner,Food
Went for a game of tennis at the local club, Sport
Binge-watched a fantasy TV series,Movie
Tried a new type of cheese and it was delicious,Food
Went for a cycling session in the park, Sport
Saw an action-packed movie with lots of explosions,Movie
Enjoyed a plate of spaghetti for lunch,Food
Went for a run in the morning, Sport
Watched a coming-of-age movie with a heartfelt message,Movie
Had a slice of cake for dessert,Food
Went for a game of badminton with my sibling, Sport
Saw a historical drama movie that was visually stunning,Movie
Tried a new smoothie recipe and it was refreshing,Food
Went for a game of hockey at the rink, Sport
Watched a comedy that made me cry with laughter,Movie
Had a bowl of soup to warm up on a cold day,Food
Went for a basketball game with some coworkers, Sport
Saw a thriller movie with a suspenseful plot,Movie
Indulged in some chocolate for a sweet treat,Food
Went for a game of ultimate frisbee in the park, Sport
Watched a science fiction movie with a unique concept,Movie
Had a salad for lunch to eat healthy,Food
Went for a workout at the gym with a fitness instructor, Sport
Saw a comedy-drama movie with a balance of humor and emotion,Movie
Tried a new kind of tea and it was soothing,Food
Went for a yoga class at the studio, Sport
Watched a movie with stunning cinematography,Movie
Had a bagel for breakfast,Food
Went for a game of ping pong with some friends, Sport
Saw a romantic drama movie that had me in tears,Movie
Enjoyed a bowl of chili for dinner,Food
Went for a swim at the pool to cool off, Sport
Watched an animated movie with a great storyline,Movie
Had a cup of tea to relax,Food
Went for a game of rugby with some teammates, Sport
Saw a movie that left me thinking about its message,Movie
Indulged in some ice cream for a sweet treat,Food
Went for a workout at the gym with a personal trainer, Sport
Watched a mystery movie with lots of twists and turns,Movie
Had a sandwich for lunch,Food
Went for a game of baseball at the diamond, Sport
Saw a thriller movie that kept me on the edge of my seat,Movie
Tried a new type of fruit and it was delicious,Food
Went for a workout at home with some resistance bands, Sport
Watched a biopic about a historical figure,Movie
Had a muffin as a midday snack,Food
Went for a game of basketball at the court, Sport
Saw a comedy movie that made me laugh from beginning to end,Movie
Enjoyed a plate of tacos for dinner,Food
Went for a run in the park, Sport
Watched a drama movie with an emotional story,Movie
Had a smoothie bowl for breakfast,Food
Went for a game of squash at the club, Sport
Saw an adventure movie with stunning visuals,Movie
Tried a new recipe for a dish and it turned out great,Food
Went for a game of volleyball at the beach, Sport
Watched a horror movie with jump scares,Movie
Had a plate of nachos for a movie night snack,Food
Tried a new type of seafood and it was amazing,Food
Went for a hike in the mountains, Sport
Saw a crime thriller movie with a clever plot,Movie
Indulged in some pizza for dinner,Food
Went for a game of table tennis with some coworkers, Sport
Watched a documentary about a fascinating topic,Movie
Had a smoothie for breakfast,Food
Went for a game of football with some friends, Sport
Saw a war movie with intense battle scenes,Movie
Tried a new type of coffee and it was delicious,Food
Went for a bike ride on the trails, Sport
Watched a comedy movie that had me laughing out loud,Movie
Had a plate of sushi for lunch,Food
Went for a game of cricket at the park, Sport
Saw a drama movie that left me feeling inspired,Movie
Enjoyed a bowl of ramen for dinner,Food
Went for a game of frisbee golf with some friends, Sport
Watched a fantasy movie with magical creatures,Movie
Had a piece of fruit for a healthy snack,Food
Went for a workout at the gym with a personal trainer, Sport
Saw a musical movie with catchy songs,Movie
Tried a new type of bread and it was tasty,Food
Went for a game of handball with some teammates, Sport
Watched a science fiction movie with futuristic technology,Movie
Had a bag of chips for a quick snack,Food
Went for a game of lacrosse at the field, Sport
Saw a biopic about a musician,Movie
Indulged in some candy for a sweet treat,Food
Went for a yoga class at the gym, Sport
Watched a thriller movie with a surprising twist ending,Movie
Had a bowl of oatmeal for breakfast,Food
Went for a game of water polo at the pool, Sport
Saw a romance movie with a heartwarming story,Movie
Enjoyed a plate of chicken and vegetables for dinner,Food
Went for a game of ultimate frisbee with some friends, Sport
Watched an action movie with lots of fight scenes,Movie
Had a cup of hot chocolate to warm up on a cold day,Food
Went for a game of soccer at the park, Sport
Saw a drama movie with intense emotional scenes,Movie
Tried a new type of cheese and it was pungent,Food
Went for a workout at the gym with a friend, Sport
Watched a crime movie with a complex plot,Movie
Had a bowl of fruit salad for a healthy snack,Food
Went for a game of basketball at the gym, Sport
Saw a comedy movie that had me in stitches,Movie
Indulged in some popcorn for a movie night snack,Food
Went for a game of tennis with some coworkers, Sport
Saw a thriller movie with a mysterious plot,Movie
Enjoyed a plate of pasta for dinner,Food
Went for a swim at the beach to cool off, Sport
Watched a historical movie about a significant event,Movie
Went for a game of badminton with some friends, Sport
Saw a horror movie with a terrifying monster,Movie
Had a slice of cake for dessert,Food
Tried a new type of tea and it was refreshing,Food
Went for a game of dodgeball at the park, Sport
Watched a thriller movie with a gripping plot,Movie
Had a bowl of chili for lunch,Food
Went for a game of baseball at the field, Sport
Saw a science fiction movie with aliens,Movie
Enjoyed a smoothie bowl for breakfast,Food
Went for a game of hockey on the ice, Sport
Watched a comedy movie that had me chuckling,Movie
Indulged in some ice cream for a sweet treat,Food
Went for a game of golf at the course, Sport
Saw an animated movie with cute characters,Movie
Tried a new type of vegetable and it was flavorful,Food
Went for a workout at the gym with a fitness coach, Sport
Watched a drama movie with a poignant message,Movie
Had a sandwich for lunch,Food
Went for a game of squash at the court, Sport
Saw a biopic about a famous athlete,Movie
Indulged in some chocolate for a sweet snack,Food
Went for a yoga class at the studio, Sport
Watched a thriller movie with a tense atmosphere,Movie
Had a salad for lunch,Food
Went for a game of rugby with some teammates, Sport
Saw a musical movie with impressive dance numbers,Movie
Tried a new type of fruit and it was juicy,Food
Went for a game of volleyball with some coworkers, Sport
Watched an action movie with high stakes,Movie
Had a cup of coffee to start the day,Food
Went for a game of ultimate frisbee at the park, Sport
Saw a romance movie with a heart-wrenching story,Movie
Enjoyed a plate of fish and chips for dinner,Food
Went for a workout at the gym with a personal trainer, Sport
Watched a crime movie with a captivating storyline,Movie
Had a granola bar for a quick snack,Food
Went for a game of basketball with some friends, Sport
Saw a drama movie with intense performances,Movie
Tried a new type of wine and it was smooth,Food
Went for a game of soccer at the field, Sport
Watched a fantasy movie with an epic quest,Movie
Indulged in some potato chips for a snack,Food
Went for a game of pickleball with some coworkers, Sport
Saw a thriller movie with a haunting soundtrack,Movie
Had a bowl of cereal for breakfast,Food
Went for a swim at the pool to cool off, Sport
Watched a historical movie with accurate costumes,Movie
Enjoyed a plate of steak and vegetables for dinner,Food
Went for a game of table tennis with some friends, Sport
Saw a comedy movie that had me giggling,Movie
Tried a new type of bread and it was crusty,Food
Went for a workout at the gym with a friend, Sport
Watched a crime movie with an unpredictable ending,Movie
