,prompt,completion
1,"Diary:
Date,Title,Content
1/4/2023,Egg, I cooked myself an omelette. It tasted better than yesterday. I went to school and took many classes. It was very tiring.

Question: What are some tips for making an omelette?

","Answer: Some tips for making a good omelette include using a non-stick pan, whisking the eggs well, and cooking over medium heat. You can also add fillings like cheese, vegetables, or ham to enhance the flavor.
"
2,"Diary:
Date,Title,Content
7/4/2023,Beach day, I spent the day at the beach with my friends. We swam in the ocean, played volleyball, and had a picnic.

Question: What are some fun activities to do at the beach with friends?

","Answer: Some fun activities to do at the beach with friends include swimming in the ocean, playing beach volleyball, building sandcastles, having a picnic, and going for a walk or jog along the shoreline.
"
3,"Diary:
Date,Title,Content
13/5/2023,Graduation day, Today was my graduation day. I received my diploma and celebrated with my family and friends. It was a very emotional day.

Question: What are some graduation gift ideas for a friend?

","Answer: Some graduation gift ideas for a friend could include a personalized photo album, a gift card to their favorite store or restaurant, a journal or planner, a watch, or a piece of jewelry. You could also consider creating a gift basket filled with their favorite snacks or items related to their future career.
"
4,"Diary:
Date,Title,Content
1/4/2023,Egg, I cooked myself an omelette. It tasted better than yesterday. I went to school and took many classes. It was very tiring.
2/4/2023,Movie night, I watched a movie with my roommates. We ordered pizza and had a great time.
3/4/2023,Shopping, I went shopping with my mom. We bought some new clothes and had lunch at a nice restaurant.

Question: I have been feeling very tired and sluggish lately. What could be the possible reasons based on my diary entries?

","Answer: Based on your diary entries, some possible reasons for feeling tired and sluggish could be lack of sleep due to school and work, eating unhealthy foods like pizza, and not getting enough exercise or physical activity. You may want to try getting more rest, eating a balanced diet with plenty of fruits and vegetables, and incorporating some physical activity into your daily routine to boost your energy levels. Additionally, you may want to consider talking to your doctor or a healthcare professional if your symptoms persist.
"
5,"Diary:
Date,Title,Content
1/4/2023,Egg, I cooked myself an omelette. It tasted better than yesterday. I went to school and took many classes. It was very tiring.
2/4/2023,New recipe, I tried a new recipe for dinner and it turned out amazing. I also went for a jog in the evening.
3/4/2023,Relaxing Sunday, I spent the day reading a book, watching movies, and taking a long nap in the afternoon.

Question: What do you suggest I do to relax after a long week?

","Answer: Based on your diary entries, it seems like you have had a busy week with school and trying out new recipes. Taking a relaxing day like you did on Sunday with some light reading, movies, and a nap can be a great way to unwind. Additionally, you could try some meditation, yoga, or other calming activities to further reduce stress.
"
6,"Diary:
Date,Title,Content
10/4/2023,Meeting with boss, I had a meeting with my boss and it went well. We discussed my progress and goals for the next few months.
12/4/2023,Workout, I went for a long run and did some weightlifting at the gym.
14/4/2023,Family time, I visited my parents for dinner and we caught up on each other's lives.

Question: Based on your recent diary entries, how would you rate my work-life balance?

","Answer: From your diary entries, it seems like you have been balancing your work and personal life well. You had a productive meeting with your boss, made time for a workout, and even caught up with family. Keep up the good work, and remember to prioritize self-care and relaxation to maintain a healthy balance.
"
7,"Diary:
Date,Title,Content
20/4/2023,Cooking experiment, I tried making a complicated recipe for lunch, but it didn't turn out as expected.
22/4/2023,Productive day, I accomplished a lot of tasks at work and even had time to organize my closet in the evening.
25/4/2023,Emotional day, I received some difficult news from a friend and spent most of the day feeling sad.

Question: How do you deal with difficult emotions like sadness or stress?

","Answer: Based on your diary entries, it seems like you have experienced some difficult emotions recently. It's important to acknowledge and process these feelings, whether through talking to a trusted friend or family member, practicing self-care and relaxation techniques like meditation or deep breathing, or seeking professional help if needed. Remember to be gentle with yourself and prioritize your emotional well-being.
"
8,"Diary:
Date,Title,Content
04/02/2023,Feeling Down, I woke up feeling sad today. I can't pinpoint why, but I just feel unmotivated and uninspired. I tried to do some work, but it feels like nothing is getting done.

Question: What do you suggest I do to overcome this feeling?

","Answer: It's important to take care of yourself when you're feeling down. Have you tried taking a break, going for a walk, or doing something you enjoy? It might also be helpful to talk to a friend or therapist about your feelings.
"
9,"Diary:
Date,Title,Content
05/12/2023,New Hobby, I started a new hobby today - painting! I've never really been good at art, but I decided to give it a try. It was really therapeutic and I enjoyed it a lot.

Question: What other hobbies do you think I should try?

","Answer: That's great to hear! If you're interested in other creative hobbies, you might enjoy writing, knitting, or photography. If you're looking for something more active, you could try hiking, yoga, or dance.
"
10,"Diary:
Date,Title,Content
06/19/2023,Family Time, I spent the day with my family today. We went to the park and had a picnic, and then played board games together in the evening. It was really nice to spend some quality time with them.

Question: How can I prioritize spending time with my family when I'm busy with work or other commitments?

","Answer: It can be challenging to balance work and family time, but it's important to make time for the people who are important to you. You could try setting aside specific times each week to spend with your family, or finding ways to incorporate them into your other activities. It might also be helpful to communicate with them about your schedule and make sure they understand your priorities.
"
11,"Diary:
Date,Title,Content
08/07/2023,Beach Day, Today I went to the beach with my friends. We played beach volleyball, went swimming, and had a barbecue. It was so much fun and a great way to spend a summer day.

Question: What are some other fun summer activities I should try with my friends?

","Answer: That sounds like a great day! Some other fun summer activities you could try with your friends include going to a water park, having a picnic in the park, going on a camping trip, or taking a road trip to explore new places.
"
12,"Diary:
Date,Title,Content
09/22/2023,Concert Night, I went to a concert tonight and it was amazing! The energy was so high and everyone was singing and dancing along. It was great to see my favorite artist live.

Question: What are some upcoming concerts or music festivals I should check out?

","Answer: That sounds like an incredible experience! Some upcoming concerts and festivals you might be interested in include Coachella, Lollapalooza, and Glastonbury. You could also check out your favorite artists' tour schedules to see if they're performing near you soon.
"
13,"Diary:
Date,Title,Content
10/31/2023,Halloween Fun, Today is Halloween! I dressed up in a costume and went trick-or-treating with my friends. We also watched scary movies and ate lots of candy. It was such a fun and spooky night.

Question: What are some other fun holiday activities I should try with my friends?

","Answer: That sounds like a blast! For Christmas, you could have a holiday movie marathon, bake and decorate cookies, or go caroling. For Thanksgiving, you could have a potluck dinner, volunteer at a local shelter, or have a Friendsgiving celebration.
"
14,"Diary:
Date,Title,Content
01/15/2024,Feeling Lost, Lately, I've been feeling really lost and unsure about my future. I don't know what I want to do with my life or where I'm headed.

Question: I'm feeling lost and unsure about my future. What advice do you have for me?

","Answer: It's completely normal to feel lost sometimes. You have a lot of time to figure out what you want to do with your life. Take some time to reflect on what makes you happy and what you're passionate about. You could also talk to friends or family members for guidance and support.
"
15,"Diary:
Date,Title,Content
02/28/2024,Dealing with Grief, Today was the one-year anniversary of my grandma's passing. It's been really hard for me to deal with the loss, and I've been feeling sad and down lately.

Question: I'm dealing with grief after losing someone close to me. How can I cope with the pain?

","Answer: I'm so sorry for your loss. Dealing with grief is never easy, but it's important to remember that it's okay to take time to grieve and process your emotions. Talk to a trusted friend or family member about how you're feeling, and consider seeking professional help if you need it. You could also try doing activities that make you feel happy and relaxed, like spending time in nature or practicing mindfulness.
"
16,"Diary:
Date,Title,Content
04/10/2024,Feeling Overwhelmed, I have so much on my plate right now between work, school, and personal obligations. I feel like I'm drowning in responsibilities and it's causing me a lot of stress and anxiety.

Question: I'm feeling overwhelmed with all of my responsibilities. How can I manage my stress and find balance?
","Answer: It sounds like you have a lot going on right now. It's important to prioritize self-care and take breaks when you need them. Try to schedule in some time for activities that make you happy and relaxed, like exercise, meditation, or spending time with loved ones. Consider delegating some tasks or reaching out for help when you need it. Remember, you don't have to do everything on your own.
"
17,"
Diary:
Date,Title,Content
3/28/2023,Family Gathering, Attended a family gathering today. It was great to catch up with relatives I haven't seen in a while.
3/29/2023,Job Interview, Had a job interview today. I think it went well, but I'm still waiting to hear back.
3/30/2023,New Hobby, Started a new hobby today - painting. It's a nice way to relax and be creative.

Question: How can I manage my stress levels better in the midst of job hunting?


","Answer: Based on your diary entries, it seems like spending time with loved ones and finding new hobbies can be great ways to relieve stress. Additionally, practicing mindfulness and self-care techniques, such as meditation or exercise, could also help manage stress during the job hunting process.
"
18,"
Diary:
Date,Title,Content
4/5/2023,Busy Day, Had a busy day at work today. Lots of meetings and deadlines to meet.
4/6/2023,Self-Care Day, Took a self-care day today. Got a massage, did some yoga, and read a good book.
4/7/2023,New Recipe, Tried a new recipe for dinner tonight. It was a little challenging, but turned out delicious.

Question: How can I make time for self-care during busy workdays?


","Answer: Based on your diary entries, it seems like carving out specific time for self-care, even if it's just a short break during the workday, can be helpful. Additionally, planning self-care activities ahead of time, like scheduling a massage or yoga class, can help ensure that self-care doesn't get pushed aside during busy days.
"
19,"
Diary:
Date,Title,Content
5/1/2023,Volunteering, Volunteered at a local animal shelter today. It was a great experience and felt good to help out.
5/2/2023,Productive Day, Had a really productive day at work today. Accomplished a lot of tasks on my to-do list.
5/3/2023,Meditation, Practiced meditation for 10 minutes before bed tonight. Felt more relaxed and able to fall asleep easier.

Question: What are some simple ways to incorporate mindfulness into daily life?


","Answer: Based on your diary entries, it seems like finding small pockets of time to practice mindfulness, such as meditating before bed or taking a moment to pause and breathe during a busy workday, can be helpful. Additionally, incorporating mindfulness into daily tasks, like focusing on the sensations of washing dishes or taking a mindful walk, can also be a great way to practice mindfulness throughout the day.
"
20,"Diary:
Date,Title,Content
6/1/2023,Graduation, Graduated from college today! It was a proud moment and I'm excited to see what the future holds.
6/2/2023,Travel Plans, Started planning a summer trip with friends. We're thinking about going to the beach.
6/3/2023,New Relationship, Started seeing someone new. It's still early days, but it feels promising.

Question: How do I know if I'm ready for a new relationship after a breakup?


","Answer: Based on your diary entries, it's important to take time to reflect and heal after a breakup before jumping into a new relationship. It's also important to ensure that you're not using the new relationship as a way to avoid dealing with any underlying emotions or issues. When you feel ready to start dating again, take things slow and communicate openly with your new partner.
"
21,"
Diary:
Date,Title,Content
7/15/2023,Family Vacation, Went on a family vacation to Disney World. It was a fun but tiring trip.
7/16/2023,Sick Day, Had to take a sick day today. Feeling under the weather and needed to rest.
7/17/2023,Hobby Progress, Made progress on my knitting project today. It's exciting to see it come together.

Question: How do I deal with feelings of guilt or anxiety when taking a sick day?


","Answer: Based on your diary entries, it's important to prioritize your health and well-being. Taking a sick day when needed is necessary for your physical and mental health, and it's important to communicate with your employer and co-workers about your absence. Try to focus on rest and recovery during your sick day, and remind yourself that taking time off when needed is not a reflection of weakness or incompetence.
"
22,"
Diary:
Date,Title,Content
8/5/2023,Wedding Planning, Started planning my wedding today. It's overwhelming but exciting.
8/6/2023,Productive Morning, Had a productive morning and crossed a lot of tasks off my to-do list.
8/7/2023,Exercise Routine, Started a new exercise routine today. It's challenging but I'm motivated to stick with it.

Question: How can I stay motivated when pursuing long-term goals like wedding planning or fitness goals?


","Answer: Based on your diary entries, breaking down the larger goal into smaller, manageable steps can be helpful for staying motivated. Setting specific and achievable goals, tracking progress, and celebrating small wins can also be motivating. Additionally, finding accountability partners, whether it's a friend or a personal trainer, can help keep you on track and motivated.
"
23,"
Diary:
Date,Title,Content
6/1/2023,Travel Adventure, I went on a trip to Japan with my friends. We explored Tokyo for the first few days, visiting popular tourist spots like the Shibuya Crossing and Tokyo Skytree. We also tried some delicious Japanese food like sushi and ramen. On the fourth day, we traveled to Kyoto to see historical temples and shrines. It was a fascinating experience to learn about Japan's rich cultural history. We also visited Nara, where we saw deer roaming freely around the city. Overall, it was an amazing adventure and I can't wait to go back.

Question: How can I reconcile my desire to travel with my environmental concerns about the impact of tourism on local communities and the planet?


","Answer: It's great to see that you're thinking about the environmental impact of tourism. One way to reconcile your desire to travel with these concerns is to research and choose destinations that prioritize sustainability and responsible tourism. This can include visiting places that have a strong commitment to environmental protection and conservation, or choosing activities and accommodations that are eco-friendly. Additionally, you can try to minimize your carbon footprint during travel by using public transportation or choosing to walk or bike instead of driving. Finally, you can also consider supporting local communities and small businesses by purchasing locally made products and supporting sustainable tourism initiatives. It's important to be mindful of our impact on the planet and local communities, but it's still possible to have fulfilling travel experiences while minimizing harm.
"
24,"
Diary:
Date,Title,Content
5/15/2023,Graduation Day, Graduated from university today! It's been a long journey but I'm proud of all that I've accomplished.

Question: What's the best way to train for a marathon?


","Answer: I'm sorry, but I don't have any information in your diary entry about training for a marathon. However, some common ways to train for a marathon include gradually increasing your mileage, incorporating speed work and cross-training, and making sure to properly fuel and hydrate your body. You may also want to consider working with a coach or joining a running group for additional support.
"
25,"
Diary:
Date,Title,Content
6/1/2023,Beach Day, Spent the day at the beach with friends. It was nice to soak up some sun and relax by the ocean.
6/2/2023,Movie Night, Watched a movie with my partner tonight. We picked a romantic comedy and had a good laugh.

Question: How do I fix a broken computer screen?


","Answer: I'm sorry, but I don't have any information in your diary entry about fixing a broken computer screen. However, some possible solutions could include taking it to a professional repair shop, replacing the screen yourself if you have the necessary skills and tools, or purchasing a new computer altogether.
"
26,"
Diary:
Date,Title,Content
6/1/2023,Day Trip to the Beach, Today I went on a day trip to the beach with some friends. We drove for a couple of hours to get there, but it was worth it. The weather was perfect - not too hot, but warm enough to go for a swim. We spent most of the day lounging on the beach, reading books, and chatting. We also went for a walk along the shore and collected some seashells. For lunch, we had sandwiches and fruit that we brought from home. Overall, it was a really relaxing and fun day.

Question: What's the best way to make a fruit smoothie?


","Answer: Based on my research, there are many ways to make a delicious fruit smoothie, but unfortunately, I don't have any information about it in today's diary entry. However, some common ingredients include frozen fruit, yogurt, milk or almond milk, and honey. You could also add spinach or kale for some added nutrition. To make a smoothie, simply blend all the ingredients together until smooth.
"
27,"
Diary:
Date,Title,Content
9/1/2023,Day of Reflection, Today was a day of reflection for me. I spent some time alone, thinking about my goals and aspirations. I journaled and meditated, trying to gain some clarity on what I want to achieve in life. I also went for a long walk in nature, which always helps me feel more grounded and connected to myself. In the evening, I attended a yoga class and practiced some gentle stretches and breathing exercises. Overall, it was a very peaceful and introspective day.

Question: What's the best way to improve your public speaking skills?


","Answer: While I didn't specifically mention public speaking in today's diary entry, there are many resources available that can help you improve this skill. Some suggestions include joining a public speaking group, practicing in front of a mirror or with a trusted friend, and watching videos of skilled public speakers. It's also important to focus on your body language, tone of voice, and content of your speech. With consistent practice and dedication, you can become a confident and effective public speaker.
"
28,"
Diary:
Date,Title,Content
4/10/2023,First Day of Vacation, Today was the first day of my much-needed vacation. I woke up early and went for a jog on the beach. After breakfast, I spent some time lounging by the pool and reading a book. In the afternoon, I went on a hiking trail with some friends and had a picnic at the top of the mountain. It was a great start to my vacation.
4/11/2023,Relaxing by the Beach, Spent the whole day at the beach today. The water was crystal clear and the sun was shining. I read a book, took a dip in the ocean, and even built a sandcastle. In the evening, I went to a seafood restaurant and had some amazing shrimp scampi.
4/12/2023,Exploring the Town, Today I decided to explore the town a bit. I walked around the quaint streets and checked out some local shops. I also visited a historic museum and learned a lot about the town's history. In the evening, I went to a rooftop bar and had some delicious cocktails while enjoying the view.
4/13/2023,Spa Day, Today was all about relaxation. I went to a spa and had a massage, facial, and body scrub. It was amazing and I felt completely refreshed afterwards. In the evening, I went to a yoga class and felt even more relaxed.
4/14/2023,Last Day of Vacation, Today was my last day of vacation. I spent the morning packing and then went to a local farmer's market to pick up some souvenirs. In the afternoon, I went to the beach one last time and watched the sunset. It was a great vacation and I'm feeling recharged and ready to tackle whatever comes next.

Question: How can I keep up the relaxed and refreshed feeling after my vacation ends?


","Answer: Based on your diary entries, it seems like incorporating self-care practices into your daily routine, such as going for a jog, practicing yoga, or scheduling a massage, can help maintain a relaxed and refreshed feeling even after your vacation ends. Additionally, taking breaks throughout the day to read a book or go for a walk can also help reduce stress and maintain a sense of calm.
"
29,"
Diary:
Date,Title,Content
10/1/2023,Camping Trip, Went on a weekend camping trip with friends. We hiked, built a fire, and enjoyed the beautiful fall foliage.
10/2/2023,Relaxing Day, Spent the day relaxing at home. Read a book, took a long bath, and caught up on some Netflix shows.
10/3/2023,Work Meeting, Had an important work meeting today. Discussed upcoming projects and deadlines with colleagues.
10/4/2023,New Restaurant, Tried a new restaurant for dinner tonight. It was a little pricey but the food was amazing.

Question: What are some tips for staying productive during a work meeting?


","Answer: Based on your diary entries, it seems like coming prepared with an agenda or list of topics to cover can help make the most of work meetings. Additionally, actively listening and taking notes can help stay engaged and focused. If you find yourself getting distracted, taking a quick break to stretch or get some fresh air can also help recharge and refocus.
"
30,"
Diary:
Date,Title,Content
11/1/2023,Friendsgiving, Hosted a Friendsgiving party tonight. Cooked a big meal, played games, and enjoyed time with friends.
11/2/2023,Busy Work Day, Had a lot of meetings and deadlines to meet at work today. It was a bit overwhelming, but I made it through.
11/3/2023,Movie Night, Watched a movie with my significant other tonight. It was nice to unwind and spend some quality time together.
11/4/2023,New Exercise Routine, Started a new exercise routine today. It was tough, but felt good to challenge myself.

Question: How can I get started with a new exercise routine?


","Answer: Based on your diary entries, it seems like starting small and gradually increasing the intensity and frequency of workouts can help establish a sustainable exercise routine. Additionally, finding a form of exercise that you enjoy and incorporating it into your daily routine, like going for a morning walk or taking a yoga class, can help make exercise feel less daunting and more enjoyable.
"
31,"
Diary:
Date,Title,Content
12/1/2023,Family Visit, My parents came to visit for the weekend. We went sightseeing, tried new restaurants, and caught up on life.
12/2/2023,Shopping Day, Spent the day doing some holiday shopping. It was a bit stressful, but I found some great gifts.
12/3/2023,Movie Marathon, Watched a marathon of holiday movies today. It was a cozy and relaxing way to spend a Sunday.
12/4/2023,Volunteering, Volunteered at a local soup kitchen tonight. It felt good to give back and help those in need.

Question: What are some ways to give back during the holiday season?


","Answer: Based on your diary entries, it seems like volunteering at a local charity or soup kitchen can be a great way to give back during the holiday season. Additionally, donating to a favorite charity or organization, or participating in a toy or food drive, can also help make a difference in the community.
"
32,"
Diary:
Date,Title,Content
6/1/2023,Day at the Beach, Today was a beautiful day, so I decided to go to the beach. I spent the day lounging on the sand, swimming in the ocean, and reading a book. It was the perfect way to relax and recharge.
6/2/2023,Job Search, Spent most of the day applying for jobs online. It can be discouraging at times, but I'm trying to stay positive and hopeful.
6/3/2023,Hiking, Went on a long hike today. It was challenging but so rewarding to reach the summit and take in the breathtaking view.
6/4/2023,Cooking Experiment, Tried a new recipe for dinner tonight. It didn't turn out as expected, but it was still a fun experiment.
6/5/2023,Movie Night, Watched a movie with friends tonight. We laughed, cried, and ate way too much popcorn.

Question: How can I deal with the feeling of being stuck in my current job?


","Answer: Based on your diary entries, it seems like finding ways to relax and recharge, like spending a day at the beach or going on a hike, can help alleviate the stress of feeling stuck in your current job. Additionally, continuing to search for new job opportunities and being open to trying new things, like experimenting with cooking or having a movie night with friends, can provide a sense of hope and excitement for the future.
"
33,"
Diary:
Date,Title,Content
1/1/2024,New Year's Day, Started the new year off with a morning run and a healthy breakfast. Excited for a fresh start and new opportunities.
1/2/2024,Productive Day, Accomplished a lot at work today and even managed to fit in a workout after. Feeling proud and motivated.
1/3/2024,Date Night, Went out for a fancy dinner with my significant other tonight. It was a nice treat after a busy week.
1/4/2024,Self-Care Sunday, Spent the day pampering myself with a face mask, a bubble bath, and a good book. It was the perfect way to recharge before the start of a new week.

Question: How can I make self-care a regular part of my routine?

","Answer: Based on your diary entries, it seems like scheduling time for self-care, like setting aside Sunday afternoons for pampering, can help make it a regular part of your routine. Additionally, finding self-care activities that you enjoy and that fit into your schedule, like going for a walk or doing yoga, can make it feel less like a chore and more like a treat. Don't forget to prioritize your own well-being and take care of yourself.
"
34,"
Diary:
Date,Title,Content
7/1/2023,Summer Vacation, Took a road trip to visit family and friends in different states. It was great to see everyone and explore new places.
7/2/2023,Outdoor Adventure, Went on a camping trip with friends. We hiked, fished, and roasted marshmallows over the fire.
7/3/2023,Beach Day, Spent the day at the beach with my significant other. We played frisbee, swam in the ocean, and watched the sunset.
7/4/2023,Fourth of July, Celebrated the Fourth of July with a barbecue and fireworks. It was a fun and festive day.

Question: What are some fun outdoor activities to do in the summer?

","Answer: Based on your diary entries, it seems like going on road trips, camping trips, and beach outings can be great outdoor activities to do in the summer. Additionally, hiking, fishing, and playing frisbee are fun ways to enjoy nature and get some exercise."
35,"
Diary:
Date,Title,Content
8/1/2023,Starting a New Hobby, Started learning a new language today. It's challenging but exciting to learn something new.
8/2/2023,Busy Work Day, Had a lot of deadlines and meetings at work today. It was stressful but I managed to get everything done.
8/3/2023,Family Time, Spent the day with family. We went to the park, played board games, and had a barbecue.
8/4/2023,Concert Night, Went to a concert tonight with friends. It was an amazing show and we had a great time.

Question: How can I manage stress during busy work days?

","Answer: Based on your diary entries, it seems like finding ways to relax and unwind after work, like spending time with family, attending a concert, or starting a new hobby, can help alleviate stress during busy work days. Additionally, taking breaks throughout the day, practicing deep breathing or meditation, and prioritizing tasks can help manage workload and prevent burnout."
36,"
Diary:
Date,Title,Content
9/1/2023,Birthday Celebration, Celebrated my birthday with friends and family. We had cake, opened presents, and played games.
9/2/2023,Movie Night, Watched a movie with my significant other. It was a cozy and relaxing way to spend the evening.
9/3/2023,Productive Day, Got a lot done today, including cleaning the house, grocery shopping, and finishing a work project.
9/4/2023,Day Trip, Took a day trip to a nearby town. We explored the local shops and restaurants and had a great time.

Question: How can I make the most of my weekends?

","Answer: Based on your diary entries, it seems like finding a balance between productivity and relaxation can make the most of weekends. This could include tackling chores and errands in the morning and leaving time in the afternoon for leisure activities, like watching a movie or taking a day trip. Additionally, spending time with loved ones and trying new things, like exploring new towns or cooking new recipes, can add a sense of excitement and fulfillment to weekends."
37,"Diary:
Date,Title,Content
10/1/2023,First Day of School, Today was my first day of college. I was nervous at first, but I met some great people and had a fun time exploring the campus.
10/2/2023,Study Session, Spent most of the day studying for my upcoming exams. It was tough, but I feel more confident in my knowledge now.
10/3/2023,Club Meeting, Attended my first club meeting today. It was interesting to learn about the different activities and events they have planned.
10/4/2023,Movie Night, Watched a movie with my roommates tonight. It was a nice break from studying.

Question: What did you learn about at your club meeting?

","Answer: According to your diary entry, you attended your first club meeting on October 3rd. It was interesting to learn about the different activities and events they have planned, but you didn't mention any specific topics in your diary. Can you provide more details or context?"
38,"Diary:
Date,Title,Content
5/1/2023,Travel Day, Traveled to a new country today. It was a long and exhausting flight, but I'm excited to explore and experience a new culture.
5/2/2023,City Tour, Went on a city tour today. Saw some amazing landmarks and learned a lot about the history and culture of the city.
5/3/2023,Local Market, Visited a local market today. It was bustling with people and vendors selling all sorts of goods.
5/4/2023,Food Tour, Went on a food tour today. Tried some delicious local dishes and learned about the ingredients and cooking techniques.

Question: What was your favorite dish from the food tour?

","Answer: According to your diary entry, you went on a food tour on May 4th and tried some delicious local dishes. Can you provide more details or context about your favorite dish?"
39,"Diary:
Date,Title,Content
8/1/2023,Family Reunion, Attended a family reunion today. It was great to catch up with relatives I haven't seen in a long time.
8/2/2023,Beach Day, Spent the day at the beach with some friends. We swam, played beach volleyball, and had a picnic.
8/3/2023,Concert Night, Went to a concert tonight. It was a great show and I had a blast dancing and singing along.
8/4/2023,Hiking, Went on a hike today. The scenery was breathtaking and it was a great workout.

Question: What was the name of the band you saw at the concert?

","Answer: According to your diary entry, you went to a concert on August 3rd and had a great time dancing and singing along. Can you provide more details or context about the band's name?"
40,"
Diary:
Date,Title,Content
10/1/2023,First Day of School, Started a new school today. It was nerve-wracking, but exciting to meet new people and learn new things.
10/2/2023,Study Group, Met with a study group tonight to work on a group project. It was helpful to bounce ideas off of each other and divide up the work.
10/3/2023,Job Interview, Had a job interview today. I think it went well, but I'm trying not to get my hopes up too high.
10/4/2023,Movie Night, Watched a movie with my roommates tonight. It was a fun way to unwind after a busy day.

Question: How can I manage my time effectively while balancing school and job search?


","Answer: Based on your diary entries, it seems like creating a schedule or to-do list can help prioritize tasks and manage time effectively. Additionally, utilizing resources like study groups or career services at school can help with job search and networking efforts. It's important to also make time for relaxation and self-care to prevent burnout.
"
41,"
Diary:
Date,Title,Content
8/1/2023,Travel Day, Spent most of the day traveling to a new city. It was a bit exhausting, but exciting to explore a new place.
8/2/2023,Sightseeing, Went to a few museums and landmarks today. It was fascinating to learn about the history and culture of the city.
8/3/2023,Shopping, Did some shopping today and found some great deals. It was fun to explore the local shops and boutiques.
8/4/2023,Concert Night, Went to a concert tonight. It was an incredible experience to see one of my favorite bands live.

Question: How can I make the most of my next vacation?


","Answer: Based on your diary entries, it seems like doing research on the destination and planning activities ahead of time can help maximize the vacation experience. Additionally, trying local cuisine, visiting landmarks and museums, and engaging in new experiences like attending a concert or taking a guided tour can help create memorable moments. It's important to also prioritize rest and relaxation to avoid burnout during the vacation.
"
42,"
Diary:
Date,Title,Content
4/1/2023,Birthday Celebration, Celebrated my birthday today with friends and family. It was a fun and special day.
4/2/2023,Hiking, Went on a hike with friends today. The scenery was beautiful and it was a great way to get some exercise.
4/3/2023,Movie Marathon, Had a movie marathon with my significant other tonight. It was a cozy and relaxing way to spend a Sunday.
4/4/2023,Volunteering, Volunteered at a local animal shelter tonight. It was fulfilling to help care for the animals and assist with adoptions.

Question: How can I incorporate more volunteering into my daily routine?


","Answer: Based on your diary entries, it seems like finding a cause or organization that aligns with personal values and interests can increase motivation to volunteer regularly. Additionally, searching for local volunteer opportunities online or through community centers can provide options for involvement. Starting small and gradually increasing the frequency of volunteering can help make it a sustainable habit.
"
43,"
Diary:
Date,Title,Content
4/1/2023,Day Trip to the City, Took a day trip to the city with some friends. We visited some museums and ate at some great restaurants.
4/2/2023,Relaxing Sunday, Spent the day reading a book and catching up on some TV shows. It was nice to have a relaxing day after a busy week.
4/3/2023,New Hobby, Started learning how to knit today. It's a bit challenging, but also very satisfying to see progress.
4/4/2023,Productive Work Day, Accomplished a lot at work today and feeling proud of myself.
4/5/2023,Cooking Experiment, Tried making sushi for the first time tonight. It turned out surprisingly well!

Question: How can I improve my knitting skills?

","Answer: One way to improve your knitting skills is to practice regularly, starting with simple projects and gradually working up to more complex ones. Watching video tutorials or taking a class can also be helpful in learning new techniques and getting guidance on common mistakes. Don't be afraid to make mistakes and be patient with yourself - improvement takes time and practice.
"
44,"
Diary:
Date,Title,Content
4/6/2023,Lost Wallet, Realized today that I lost my wallet. It had all my credit cards and IDs in it. Feeling anxious and frustrated.
4/7/2023,Arguments with Family, Got into a heated argument with my family today. It seems like we can never see eye to eye on anything.
4/8/2023,Sad Memories, Found an old photo album and spent hours going through it. It brought back a lot of sad memories and made me feel really down.
4/9/2023,Bad News, Received some bad news today about a friend's health. Feeling worried and helpless.
4/10/2023,Positive Experience, Went for a walk in the park today and saw a group of kids playing. One of them came up to me and gave me a dandelion, saying it was a special gift. It reminded me that there is still goodness in the world.

Question: I feel so overwhelmed with all the bad news lately, how can I stay positive?

","Answer: It's understandable to feel overwhelmed and down with all the negativity around us. One way to stay positive is to focus on the good things in life, no matter how small they may seem. For instance, you can make a gratitude list of all the things you're thankful for, or try doing acts of kindness for others. Also, remember that tough times don't last forever and things will eventually get better. You can find solace in the positive experiences, like the one you had in the park, and use it as a reminder that good things can happen even during tough times."
45,"
Diary:
Date,Title,Content
4/1/2023,Feeling Lost, I've been feeling lost and unsure about my life lately. Everything feels overwhelming and I don't know where to start.
4/2/2023,Failed Interview, I had a job interview today, but it didn't go well. I stumbled on some of the questions and didn't feel confident in my answers.
4/3/2023,Lonely Evening, Spent the evening alone and feeling lonely. Missed my friends and family who live far away.
4/4/2023,Failed Test, I failed an important test today that I studied so hard for. I feel so disappointed in myself.
4/5/2023,Cancelled Plans, Plans with a friend got cancelled last minute and I was looking forward to it all week.

Question: What can I do to cheer myself up?

","Answer: It's understandable to feel down after experiencing multiple disappointments, but it's important to take care of yourself and do things that make you happy. Maybe you could try doing something creative, like painting or writing, or watch a funny movie or show that can make you laugh. Alternatively, you could reach out to a loved one and talk about what's been going on or plan something fun to do together. Remember that it's okay to take a break and focus on your mental health, and that things will get better eventually."
46,"
Diary:
Date,Title,Content
4/1/2023,Bad Day at Work, Work was especially frustrating today. It felt like everything was going wrong and I couldn't catch a break.
4/2/2023,Strained Relationship, My relationship with my significant other is going through a rough patch. We had an argument and I'm not sure how to resolve it.
4/3/2023,Feeling Inadequate, Compared myself to others and felt inadequate. It's hard to shake off the feeling that I'm not doing enough or not good enough.
4/4/2023,Family Drama, Got caught in the middle of a family drama and it was exhausting to deal with.
4/5/2023,Sick Day, Took a sick day from work because I wasn't feeling well.

Question: How can I deal with the stress of a strained relationship?

","Answer: Relationships can be challenging, and it's normal to experience rough patches. One way to deal with stress in a strained relationship is to communicate openly and honestly with your significant other. Try to approach the conversation calmly and respectfully, and listen to their perspective as well. It may also be helpful to take a break and give each other some space to think things through. Remember that relationships require effort and compromise, and that it's okay to seek help from a therapist or counselor if needed."
47,"
Diary:
Date,Title,Content
4/10/2023,Failed Exam, Received a failing grade on an important exam today. Feeling frustrated and disappointed in myself.
4/11/2023,Long Commute, Had a long and exhausting commute to work today due to traffic and delays. Arrived at the office feeling stressed and tired.
4/12/2023,Fun Night Out, Went out with some friends tonight and had a great time dancing and laughing. It was a much-needed break from the daily routine.
4/13/2023,Stressful Deadline, Have a big deadline coming up at work and feeling the pressure to get everything done on time. It's been a stressful week so far.
4/14/2023,Volunteering, Spent the afternoon volunteering at a local shelter. It felt good to give back to the community and help those in need.

Question: How can I overcome the disappointment of failing the exam?

","Answer: One way to overcome the disappointment of failing an exam is to reframe it as an opportunity to learn and improve. Take some time to reflect on what went wrong and what you can do differently next time. Set specific goals and create a study plan to help you achieve them. Remember that one exam doesn't define your worth or abilities, and keep a growth mindset to keep pushing forward.
"
48,"
Diary:
Date,Title,Content
4/1/2023,Stressful Day, Work was extremely busy today and I felt overwhelmed most of the day.
4/3/2023,Family Dinner, Had dinner with my family and had a great time catching up with everyone.
4/5/2023,New Workout Routine, Started a new workout routine today and it was really challenging.

Question: How can I make working out less daunting?

","Answer: One way to make working out less daunting is to start small and gradually increase your routine as you get more comfortable. Find a workout buddy or take a class to make it more enjoyable and hold yourself accountable. Remember to celebrate small victories and not be too hard on yourself if you have an off day.
"
49,"
Diary:
Date,Title,Content
4/2/2023,Failed Test, Received a poor grade on an exam that I studied hard for.
4/4/2023,Productive Work Day, Accomplished a lot at work today and feeling proud of myself.
4/6/2023,Self-Care Day, Took a day to focus on myself and do things that make me happy.

Question: How can I overcome a bad grade?

","Answer: One way to overcome a bad grade is to reflect on what went wrong and how you can improve next time. Seek help from a tutor or professor if needed and create a study plan that fits your learning style. Remember to not let one bad grade define your worth and focus on your progress and growth.
"
50,"
Diary:
Date,Title,Content
4/1/2023,Friend's Birthday, Celebrated a friend's birthday and had a lot of fun.
4/3/2023,New Recipe, Tried a new recipe and it turned out delicious.
4/5/2023,Stressful Meeting, Had a meeting that was really stressful and left me feeling anxious.

Question: How can I manage my anxiety during stressful situations?

","Answer: One way to manage anxiety during stressful situations is to practice deep breathing and other relaxation techniques. It can also be helpful to identify the source of your anxiety and come up with a plan to address it. Surrounding yourself with a support system and taking breaks when needed can also alleviate some of the pressure. Remember to be kind to yourself and prioritize your mental health.
"